<?xml version="1.0" encoding="UTF-8"?>
<metadata xml:lang="en"><Esri><CreaDate>20230220</CreaDate><CreaTime>16490600</CreaTime><ArcGISFormat>1.0</ArcGISFormat><SyncOnce>FALSE</SyncOnce><DataProperties><lineage><Process ToolSource="c:\program files (x86)\arcgis\desktop10.6\ArcToolbox\Toolboxes\Data Management Tools.tbx\CalculateField" Date="20230118" Time="105441">CalculateField E:\CHIRAKKAL\data\chirakkal_17_01_gdb\3ae786e7-44eb-42f6-8f55-004f583d86b9.gdb/Road Photo !GlobalID! PYTHON_9.3 #</Process><Process ToolSource="c:\program files (x86)\arcgis\desktop10.6\ArcToolbox\Toolboxes\Data Management Tools.tbx\CopyFeatures" Date="20230118" Time="105447">CopyFeatures TempRoad E:\CHIRAKKAL\data\extracted\17_01_2023\17_01_DATA.gdb\Road # 0 0 0</Process><Process ToolSource="c:\program files (x86)\arcgis\desktop10.6\ArcToolbox\Toolboxes\Data Management Tools.tbx\CalculateField" Date="20230118" Time="145331">CalculateField Road Rd_Name !Rd_Name!.strip() PYTHON_9.3 #</Process><Process ToolSource="c:\program files (x86)\arcgis\desktop10.6\ArcToolbox\Toolboxes\Data Management Tools.tbx\CalculateField" Date="20230118" Time="145351">CalculateField Road Start_Point !Start_Point!.strip() PYTHON_9.3 #</Process><Process ToolSource="c:\program files (x86)\arcgis\desktop10.6\ArcToolbox\Toolboxes\Data Management Tools.tbx\CalculateField" Date="20230118" Time="145410">CalculateField Road End_Point !End_Point!.strip() PYTHON_9.3 #</Process><Process ToolSource="c:\program files (x86)\arcgis\desktop10.6\ArcToolbox\Toolboxes\Data Management Tools.tbx\Append" Date="20230119" Time="095942">Append 'E:\ROAD ASSETS COPY\ROAD ASSETS\Road assets up to 02-01\Road Assets\chirakkal_03_01_23_gdb\4c3ab691-7dd0-43e2-a230-022d184089d4.gdb\Road';'E:\ROAD ASSETS COPY\ROAD ASSETS\Road assets up to 03-01\DATA_03_01_2023\03_01_data.gdb\Road';'E:\ROAD ASSETS COPY\ROAD ASSETS\Road assets up to 04-01\04_01_2023_data\04_01_2023.gdb\Road';'E:\ROAD ASSETS COPY\ROAD ASSETS\Road assets up to 05-01\05_01_2023_data\05_01_2023_data.gdb\Road';'E:\ROAD ASSETS COPY\ROAD ASSETS\Road assets 6-01\06_07_08_data\06_07_08_data.gdb\Road';'E:\ROAD ASSETS COPY\ROAD ASSETS\Road assets 09-01\09_01_data\09_01_DATA.gdb\Road';'E:\ROAD ASSETS COPY\ROAD ASSETS\Road assets 10-01\10_01_data\10_01_data.gdb\Road';'E:\ROAD ASSETS COPY\ROAD ASSETS\Road assets up to 11-01\11_01_data\11_01_DATA.gdb\Road';'E:\ROAD ASSETS COPY\ROAD ASSETS\Road assets up to 12-01\12_01_data\12_01_DATA.gdb\Road';'E:\ROAD ASSETS COPY\ROAD ASSETS\Road assets 13_14_15\13_14_15_data\13_14_15_DATA.gdb\Road';'E:\ROAD ASSETS COPY\ROAD ASSETS\Road assets up 16-01\16_01_DATA\16_01_DATA.gdb\Road' "E:\ROAD ASSETS COPY\ROAD ASSETS\Road assets 17-01\17_01_2023_DATA\17_01_DATA.gdb\Road" NO_TEST "Rd_ID "Rd_ID" true false false 15 Text 0 0 ,First,#,E:\ROAD ASSETS COPY\ROAD ASSETS\Road assets up to 02-01\Road Assets\chirakkal_03_01_23_gdb\4c3ab691-7dd0-43e2-a230-022d184089d4.gdb\Road,Rd_ID,-1,-1,E:\ROAD ASSETS COPY\ROAD ASSETS\Road assets up to 03-01\DATA_03_01_2023\03_01_data.gdb\Road,Rd_ID,-1,-1,E:\ROAD ASSETS COPY\ROAD ASSETS\Road assets up to 04-01\04_01_2023_data\04_01_2023.gdb\Road,Rd_ID,-1,-1,E:\ROAD ASSETS COPY\ROAD ASSETS\Road assets up to 05-01\05_01_2023_data\05_01_2023_data.gdb\Road,Rd_ID,-1,-1,E:\ROAD ASSETS COPY\ROAD ASSETS\Road assets 6-01\06_07_08_data\06_07_08_data.gdb\Road,Rd_ID,-1,-1,E:\ROAD ASSETS COPY\ROAD ASSETS\Road assets 09-01\09_01_data\09_01_DATA.gdb\Road,Rd_ID,-1,-1,E:\ROAD ASSETS COPY\ROAD ASSETS\Road assets 10-01\10_01_data\10_01_data.gdb\Road,Rd_ID,-1,-1,E:\ROAD ASSETS COPY\ROAD ASSETS\Road assets up to 11-01\11_01_data\11_01_DATA.gdb\Road,Rd_ID,-1,-1,E:\ROAD ASSETS COPY\ROAD ASSETS\Road assets up to 12-01\12_01_data\12_01_DATA.gdb\Road,Rd_ID,-1,-1,E:\ROAD ASSETS COPY\ROAD ASSETS\Road assets 13_14_15\13_14_15_data\13_14_15_DATA.gdb\Road,Rd_ID,-1,-1,E:\ROAD ASSETS COPY\ROAD ASSETS\Road assets up 16-01\16_01_DATA\16_01_DATA.gdb\Road,Rd_ID,-1,-1;Code "Code" true false false 10 Text 0 0 ,First,#,E:\ROAD ASSETS COPY\ROAD ASSETS\Road assets up to 02-01\Road Assets\chirakkal_03_01_23_gdb\4c3ab691-7dd0-43e2-a230-022d184089d4.gdb\Road,Code,-1,-1,E:\ROAD ASSETS COPY\ROAD ASSETS\Road assets up to 03-01\DATA_03_01_2023\03_01_data.gdb\Road,Code,-1,-1,E:\ROAD ASSETS COPY\ROAD ASSETS\Road assets up to 04-01\04_01_2023_data\04_01_2023.gdb\Road,Code,-1,-1,E:\ROAD ASSETS COPY\ROAD ASSETS\Road assets up to 05-01\05_01_2023_data\05_01_2023_data.gdb\Road,Code,-1,-1,E:\ROAD ASSETS COPY\ROAD ASSETS\Road assets 6-01\06_07_08_data\06_07_08_data.gdb\Road,Code,-1,-1,E:\ROAD ASSETS COPY\ROAD ASSETS\Road assets 09-01\09_01_data\09_01_DATA.gdb\Road,Code,-1,-1,E:\ROAD ASSETS COPY\ROAD ASSETS\Road assets 10-01\10_01_data\10_01_data.gdb\Road,Code,-1,-1,E:\ROAD ASSETS COPY\ROAD ASSETS\Road assets up to 11-01\11_01_data\11_01_DATA.gdb\Road,Code,-1,-1,E:\ROAD ASSETS COPY\ROAD ASSETS\Road assets up to 12-01\12_01_data\12_01_DATA.gdb\Road,Code,-1,-1,E:\ROAD ASSETS COPY\ROAD ASSETS\Road assets 13_14_15\13_14_15_data\13_14_15_DATA.gdb\Road,Code,-1,-1,E:\ROAD ASSETS COPY\ROAD ASSETS\Road assets up 16-01\16_01_DATA\16_01_DATA.gdb\Road,Code,-1,-1;Sub_Class "Sub_Class" true false false 30 Text 0 0 ,First,#,E:\ROAD ASSETS COPY\ROAD ASSETS\Road assets up to 02-01\Road Assets\chirakkal_03_01_23_gdb\4c3ab691-7dd0-43e2-a230-022d184089d4.gdb\Road,Sub_Class,-1,-1,E:\ROAD ASSETS COPY\ROAD ASSETS\Road assets up to 03-01\DATA_03_01_2023\03_01_data.gdb\Road,Sub_Class,-1,-1,E:\ROAD ASSETS COPY\ROAD ASSETS\Road assets up to 04-01\04_01_2023_data\04_01_2023.gdb\Road,Sub_Class,-1,-1,E:\ROAD ASSETS COPY\ROAD ASSETS\Road assets up to 05-01\05_01_2023_data\05_01_2023_data.gdb\Road,Sub_Class,-1,-1,E:\ROAD ASSETS COPY\ROAD ASSETS\Road assets 6-01\06_07_08_data\06_07_08_data.gdb\Road,Sub_Class,-1,-1,E:\ROAD ASSETS COPY\ROAD ASSETS\Road assets 09-01\09_01_data\09_01_DATA.gdb\Road,Sub_Class,-1,-1,E:\ROAD ASSETS COPY\ROAD ASSETS\Road assets 10-01\10_01_data\10_01_data.gdb\Road,Sub_Class,-1,-1,E:\ROAD ASSETS COPY\ROAD ASSETS\Road assets up to 11-01\11_01_data\11_01_DATA.gdb\Road,Sub_Class,-1,-1,E:\ROAD ASSETS COPY\ROAD ASSETS\Road assets up to 12-01\12_01_data\12_01_DATA.gdb\Road,Sub_Class,-1,-1,E:\ROAD ASSETS COPY\ROAD ASSETS\Road assets 13_14_15\13_14_15_data\13_14_15_DATA.gdb\Road,Sub_Class,-1,-1,E:\ROAD ASSETS COPY\ROAD ASSETS\Road assets up 16-01\16_01_DATA\16_01_DATA.gdb\Road,Sub_Class,-1,-1;Length_Km "Length_Km" true true false 8 Double 0 0 ,First,#,E:\ROAD ASSETS COPY\ROAD ASSETS\Road assets up to 02-01\Road Assets\chirakkal_03_01_23_gdb\4c3ab691-7dd0-43e2-a230-022d184089d4.gdb\Road,Length_Km,-1,-1,E:\ROAD ASSETS COPY\ROAD ASSETS\Road assets up to 03-01\DATA_03_01_2023\03_01_data.gdb\Road,Length_Km,-1,-1,E:\ROAD ASSETS COPY\ROAD ASSETS\Road assets up to 04-01\04_01_2023_data\04_01_2023.gdb\Road,Length_Km,-1,-1,E:\ROAD ASSETS COPY\ROAD ASSETS\Road assets up to 05-01\05_01_2023_data\05_01_2023_data.gdb\Road,Length_Km,-1,-1,E:\ROAD ASSETS COPY\ROAD ASSETS\Road assets 6-01\06_07_08_data\06_07_08_data.gdb\Road,Length_Km,-1,-1,E:\ROAD ASSETS COPY\ROAD ASSETS\Road assets 09-01\09_01_data\09_01_DATA.gdb\Road,Length_Km,-1,-1,E:\ROAD ASSETS COPY\ROAD ASSETS\Road assets 10-01\10_01_data\10_01_data.gdb\Road,Length_Km,-1,-1,E:\ROAD ASSETS COPY\ROAD ASSETS\Road assets up to 11-01\11_01_data\11_01_DATA.gdb\Road,Length_Km,-1,-1,E:\ROAD ASSETS COPY\ROAD ASSETS\Road assets up to 12-01\12_01_data\12_01_DATA.gdb\Road,Length_Km,-1,-1,E:\ROAD ASSETS COPY\ROAD ASSETS\Road assets 13_14_15\13_14_15_data\13_14_15_DATA.gdb\Road,Length_Km,-1,-1,E:\ROAD ASSETS COPY\ROAD ASSETS\Road assets up 16-01\16_01_DATA\16_01_DATA.gdb\Road,Length_Km,-1,-1;Ward_No "Ward_No" true false false 2 Short 0 0 ,First,#,E:\ROAD ASSETS COPY\ROAD ASSETS\Road assets up to 02-01\Road Assets\chirakkal_03_01_23_gdb\4c3ab691-7dd0-43e2-a230-022d184089d4.gdb\Road,Ward_No,-1,-1,E:\ROAD ASSETS COPY\ROAD ASSETS\Road assets up to 03-01\DATA_03_01_2023\03_01_data.gdb\Road,Ward_No,-1,-1,E:\ROAD ASSETS COPY\ROAD ASSETS\Road assets up to 04-01\04_01_2023_data\04_01_2023.gdb\Road,Ward_No,-1,-1,E:\ROAD ASSETS COPY\ROAD ASSETS\Road assets up to 05-01\05_01_2023_data\05_01_2023_data.gdb\Road,Ward_No,-1,-1,E:\ROAD ASSETS COPY\ROAD ASSETS\Road assets 6-01\06_07_08_data\06_07_08_data.gdb\Road,Ward_No,-1,-1,E:\ROAD ASSETS COPY\ROAD ASSETS\Road assets 09-01\09_01_data\09_01_DATA.gdb\Road,Ward_No,-1,-1,E:\ROAD ASSETS COPY\ROAD ASSETS\Road assets 10-01\10_01_data\10_01_data.gdb\Road,Ward_No,-1,-1,E:\ROAD ASSETS COPY\ROAD ASSETS\Road assets up to 11-01\11_01_data\11_01_DATA.gdb\Road,Ward_No,-1,-1,E:\ROAD ASSETS COPY\ROAD ASSETS\Road assets up to 12-01\12_01_data\12_01_DATA.gdb\Road,Ward_No,-1,-1,E:\ROAD ASSETS COPY\ROAD ASSETS\Road assets 13_14_15\13_14_15_data\13_14_15_DATA.gdb\Road,Ward_No,-1,-1,E:\ROAD ASSETS COPY\ROAD ASSETS\Road assets up 16-01\16_01_DATA\16_01_DATA.gdb\Road,Ward_No,-1,-1;Rd_Name "Rd_Name" true false false 100 Text 0 0 ,First,#,E:\ROAD ASSETS COPY\ROAD ASSETS\Road assets up to 02-01\Road Assets\chirakkal_03_01_23_gdb\4c3ab691-7dd0-43e2-a230-022d184089d4.gdb\Road,Rd_Name,-1,-1,E:\ROAD ASSETS COPY\ROAD ASSETS\Road assets up to 03-01\DATA_03_01_2023\03_01_data.gdb\Road,Rd_Name,-1,-1,E:\ROAD ASSETS COPY\ROAD ASSETS\Road assets up to 04-01\04_01_2023_data\04_01_2023.gdb\Road,Rd_Name,-1,-1,E:\ROAD ASSETS COPY\ROAD ASSETS\Road assets up to 05-01\05_01_2023_data\05_01_2023_data.gdb\Road,Rd_Name,-1,-1,E:\ROAD ASSETS COPY\ROAD ASSETS\Road assets 6-01\06_07_08_data\06_07_08_data.gdb\Road,Rd_Name,-1,-1,E:\ROAD ASSETS COPY\ROAD ASSETS\Road assets 09-01\09_01_data\09_01_DATA.gdb\Road,Rd_Name,-1,-1,E:\ROAD ASSETS COPY\ROAD ASSETS\Road assets 10-01\10_01_data\10_01_data.gdb\Road,Rd_Name,-1,-1,E:\ROAD ASSETS COPY\ROAD ASSETS\Road assets up to 11-01\11_01_data\11_01_DATA.gdb\Road,Rd_Name,-1,-1,E:\ROAD ASSETS COPY\ROAD ASSETS\Road assets up to 12-01\12_01_data\12_01_DATA.gdb\Road,Rd_Name,-1,-1,E:\ROAD ASSETS COPY\ROAD ASSETS\Road assets 13_14_15\13_14_15_data\13_14_15_DATA.gdb\Road,Rd_Name,-1,-1,E:\ROAD ASSETS COPY\ROAD ASSETS\Road assets up 16-01\16_01_DATA\16_01_DATA.gdb\Road,Rd_Name,-1,-1;Cons_Mat "Cons_Mat" true false false 30 Text 0 0 ,First,#,E:\ROAD ASSETS COPY\ROAD ASSETS\Road assets up to 02-01\Road Assets\chirakkal_03_01_23_gdb\4c3ab691-7dd0-43e2-a230-022d184089d4.gdb\Road,Cons_Mat,-1,-1,E:\ROAD ASSETS COPY\ROAD ASSETS\Road assets up to 03-01\DATA_03_01_2023\03_01_data.gdb\Road,Cons_Mat,-1,-1,E:\ROAD ASSETS COPY\ROAD ASSETS\Road assets up to 04-01\04_01_2023_data\04_01_2023.gdb\Road,Cons_Mat,-1,-1,E:\ROAD ASSETS COPY\ROAD ASSETS\Road assets up to 05-01\05_01_2023_data\05_01_2023_data.gdb\Road,Cons_Mat,-1,-1,E:\ROAD ASSETS COPY\ROAD ASSETS\Road assets 6-01\06_07_08_data\06_07_08_data.gdb\Road,Cons_Mat,-1,-1,E:\ROAD ASSETS COPY\ROAD ASSETS\Road assets 09-01\09_01_data\09_01_DATA.gdb\Road,Cons_Mat,-1,-1,E:\ROAD ASSETS COPY\ROAD ASSETS\Road assets 10-01\10_01_data\10_01_data.gdb\Road,Cons_Mat,-1,-1,E:\ROAD ASSETS COPY\ROAD ASSETS\Road assets up to 11-01\11_01_data\11_01_DATA.gdb\Road,Cons_Mat,-1,-1,E:\ROAD ASSETS COPY\ROAD ASSETS\Road assets up to 12-01\12_01_data\12_01_DATA.gdb\Road,Cons_Mat,-1,-1,E:\ROAD ASSETS COPY\ROAD ASSETS\Road assets 13_14_15\13_14_15_data\13_14_15_DATA.gdb\Road,Cons_Mat,-1,-1,E:\ROAD ASSETS COPY\ROAD ASSETS\Road assets up 16-01\16_01_DATA\16_01_DATA.gdb\Road,Cons_Mat,-1,-1;CW_Width "CW_Width" true false false 8 Double 0 0 ,First,#,E:\ROAD ASSETS COPY\ROAD ASSETS\Road assets up to 02-01\Road Assets\chirakkal_03_01_23_gdb\4c3ab691-7dd0-43e2-a230-022d184089d4.gdb\Road,CW_Width,-1,-1,E:\ROAD ASSETS COPY\ROAD ASSETS\Road assets up to 03-01\DATA_03_01_2023\03_01_data.gdb\Road,CW_Width,-1,-1,E:\ROAD ASSETS COPY\ROAD ASSETS\Road assets up to 04-01\04_01_2023_data\04_01_2023.gdb\Road,CW_Width,-1,-1,E:\ROAD ASSETS COPY\ROAD ASSETS\Road assets up to 05-01\05_01_2023_data\05_01_2023_data.gdb\Road,CW_Width,-1,-1,E:\ROAD ASSETS COPY\ROAD ASSETS\Road assets 6-01\06_07_08_data\06_07_08_data.gdb\Road,CW_Width,-1,-1,E:\ROAD ASSETS COPY\ROAD ASSETS\Road assets 09-01\09_01_data\09_01_DATA.gdb\Road,CW_Width,-1,-1,E:\ROAD ASSETS COPY\ROAD ASSETS\Road assets 10-01\10_01_data\10_01_data.gdb\Road,CW_Width,-1,-1,E:\ROAD ASSETS COPY\ROAD ASSETS\Road assets up to 11-01\11_01_data\11_01_DATA.gdb\Road,CW_Width,-1,-1,E:\ROAD ASSETS COPY\ROAD ASSETS\Road assets up to 12-01\12_01_data\12_01_DATA.gdb\Road,CW_Width,-1,-1,E:\ROAD ASSETS COPY\ROAD ASSETS\Road assets 13_14_15\13_14_15_data\13_14_15_DATA.gdb\Road,CW_Width,-1,-1,E:\ROAD ASSETS COPY\ROAD ASSETS\Road assets up 16-01\16_01_DATA\16_01_DATA.gdb\Road,CW_Width,-1,-1;ROW_Width "ROW_Width" true false false 8 Double 0 0 ,First,#,E:\ROAD ASSETS COPY\ROAD ASSETS\Road assets up to 02-01\Road Assets\chirakkal_03_01_23_gdb\4c3ab691-7dd0-43e2-a230-022d184089d4.gdb\Road,ROW_Width,-1,-1,E:\ROAD ASSETS COPY\ROAD ASSETS\Road assets up to 03-01\DATA_03_01_2023\03_01_data.gdb\Road,ROW_Width,-1,-1,E:\ROAD ASSETS COPY\ROAD ASSETS\Road assets up to 04-01\04_01_2023_data\04_01_2023.gdb\Road,ROW_Width,-1,-1,E:\ROAD ASSETS COPY\ROAD ASSETS\Road assets up to 05-01\05_01_2023_data\05_01_2023_data.gdb\Road,ROW_Width,-1,-1,E:\ROAD ASSETS COPY\ROAD ASSETS\Road assets 6-01\06_07_08_data\06_07_08_data.gdb\Road,ROW_Width,-1,-1,E:\ROAD ASSETS COPY\ROAD ASSETS\Road assets 09-01\09_01_data\09_01_DATA.gdb\Road,ROW_Width,-1,-1,E:\ROAD ASSETS COPY\ROAD ASSETS\Road assets 10-01\10_01_data\10_01_data.gdb\Road,ROW_Width,-1,-1,E:\ROAD ASSETS COPY\ROAD ASSETS\Road assets up to 11-01\11_01_data\11_01_DATA.gdb\Road,ROW_Width,-1,-1,E:\ROAD ASSETS COPY\ROAD ASSETS\Road assets up to 12-01\12_01_data\12_01_DATA.gdb\Road,ROW_Width,-1,-1,E:\ROAD ASSETS COPY\ROAD ASSETS\Road assets 13_14_15\13_14_15_data\13_14_15_DATA.gdb\Road,ROW_Width,-1,-1,E:\ROAD ASSETS COPY\ROAD ASSETS\Road assets up 16-01\16_01_DATA\16_01_DATA.gdb\Road,ROW_Width,-1,-1;Maintain "Maintain" true false false 20 Text 0 0 ,First,#,E:\ROAD ASSETS COPY\ROAD ASSETS\Road assets up to 02-01\Road Assets\chirakkal_03_01_23_gdb\4c3ab691-7dd0-43e2-a230-022d184089d4.gdb\Road,Maintain,-1,-1,E:\ROAD ASSETS COPY\ROAD ASSETS\Road assets up to 03-01\DATA_03_01_2023\03_01_data.gdb\Road,Maintain,-1,-1,E:\ROAD ASSETS COPY\ROAD ASSETS\Road assets up to 04-01\04_01_2023_data\04_01_2023.gdb\Road,Maintain,-1,-1,E:\ROAD ASSETS COPY\ROAD ASSETS\Road assets up to 05-01\05_01_2023_data\05_01_2023_data.gdb\Road,Maintain,-1,-1,E:\ROAD ASSETS COPY\ROAD ASSETS\Road assets 6-01\06_07_08_data\06_07_08_data.gdb\Road,Maintain,-1,-1,E:\ROAD ASSETS COPY\ROAD ASSETS\Road assets 09-01\09_01_data\09_01_DATA.gdb\Road,Maintain,-1,-1,E:\ROAD ASSETS COPY\ROAD ASSETS\Road assets 10-01\10_01_data\10_01_data.gdb\Road,Maintain,-1,-1,E:\ROAD ASSETS COPY\ROAD ASSETS\Road assets up to 11-01\11_01_data\11_01_DATA.gdb\Road,Maintain,-1,-1,E:\ROAD ASSETS COPY\ROAD ASSETS\Road assets up to 12-01\12_01_data\12_01_DATA.gdb\Road,Maintain,-1,-1,E:\ROAD ASSETS COPY\ROAD ASSETS\Road assets 13_14_15\13_14_15_data\13_14_15_DATA.gdb\Road,Maintain,-1,-1,E:\ROAD ASSETS COPY\ROAD ASSETS\Road assets up 16-01\16_01_DATA\16_01_DATA.gdb\Road,Maintain,-1,-1;FP "FP" true true false 10 Text 0 0 ,First,#,E:\ROAD ASSETS COPY\ROAD ASSETS\Road assets up to 02-01\Road Assets\chirakkal_03_01_23_gdb\4c3ab691-7dd0-43e2-a230-022d184089d4.gdb\Road,FP,-1,-1,E:\ROAD ASSETS COPY\ROAD ASSETS\Road assets up to 03-01\DATA_03_01_2023\03_01_data.gdb\Road,FP,-1,-1,E:\ROAD ASSETS COPY\ROAD ASSETS\Road assets up to 04-01\04_01_2023_data\04_01_2023.gdb\Road,FP,-1,-1,E:\ROAD ASSETS COPY\ROAD ASSETS\Road assets up to 05-01\05_01_2023_data\05_01_2023_data.gdb\Road,FP,-1,-1,E:\ROAD ASSETS COPY\ROAD ASSETS\Road assets 6-01\06_07_08_data\06_07_08_data.gdb\Road,FP,-1,-1,E:\ROAD ASSETS COPY\ROAD ASSETS\Road assets 09-01\09_01_data\09_01_DATA.gdb\Road,FP,-1,-1,E:\ROAD ASSETS COPY\ROAD ASSETS\Road assets 10-01\10_01_data\10_01_data.gdb\Road,FP,-1,-1,E:\ROAD ASSETS COPY\ROAD ASSETS\Road assets up to 11-01\11_01_data\11_01_DATA.gdb\Road,FP,-1,-1,E:\ROAD ASSETS COPY\ROAD ASSETS\Road assets up to 12-01\12_01_data\12_01_DATA.gdb\Road,FP,-1,-1,E:\ROAD ASSETS COPY\ROAD ASSETS\Road assets 13_14_15\13_14_15_data\13_14_15_DATA.gdb\Road,FP,-1,-1,E:\ROAD ASSETS COPY\ROAD ASSETS\Road assets up 16-01\16_01_DATA\16_01_DATA.gdb\Road,FP,-1,-1;FP_Width "FP_Width" true true false 8 Double 0 0 ,First,#,E:\ROAD ASSETS COPY\ROAD ASSETS\Road assets up to 02-01\Road Assets\chirakkal_03_01_23_gdb\4c3ab691-7dd0-43e2-a230-022d184089d4.gdb\Road,FP_Width,-1,-1,E:\ROAD ASSETS COPY\ROAD ASSETS\Road assets up to 03-01\DATA_03_01_2023\03_01_data.gdb\Road,FP_Width,-1,-1,E:\ROAD ASSETS COPY\ROAD ASSETS\Road assets up to 04-01\04_01_2023_data\04_01_2023.gdb\Road,FP_Width,-1,-1,E:\ROAD ASSETS COPY\ROAD ASSETS\Road assets up to 05-01\05_01_2023_data\05_01_2023_data.gdb\Road,FP_Width,-1,-1,E:\ROAD ASSETS COPY\ROAD ASSETS\Road assets 6-01\06_07_08_data\06_07_08_data.gdb\Road,FP_Width,-1,-1,E:\ROAD ASSETS COPY\ROAD ASSETS\Road assets 09-01\09_01_data\09_01_DATA.gdb\Road,FP_Width,-1,-1,E:\ROAD ASSETS COPY\ROAD ASSETS\Road assets 10-01\10_01_data\10_01_data.gdb\Road,FP_Width,-1,-1,E:\ROAD ASSETS COPY\ROAD ASSETS\Road assets up to 11-01\11_01_data\11_01_DATA.gdb\Road,FP_Width,-1,-1,E:\ROAD ASSETS COPY\ROAD ASSETS\Road assets up to 12-01\12_01_data\12_01_DATA.gdb\Road,FP_Width,-1,-1,E:\ROAD ASSETS COPY\ROAD ASSETS\Road assets 13_14_15\13_14_15_data\13_14_15_DATA.gdb\Road,FP_Width,-1,-1,E:\ROAD ASSETS COPY\ROAD ASSETS\Road assets up 16-01\16_01_DATA\16_01_DATA.gdb\Road,FP_Width,-1,-1;FP_Cons_Mat "FP_Cons_Mat" true true false 20 Text 0 0 ,First,#,E:\ROAD ASSETS COPY\ROAD ASSETS\Road assets up to 02-01\Road Assets\chirakkal_03_01_23_gdb\4c3ab691-7dd0-43e2-a230-022d184089d4.gdb\Road,FP_Cons_Mat,-1,-1,E:\ROAD ASSETS COPY\ROAD ASSETS\Road assets up to 03-01\DATA_03_01_2023\03_01_data.gdb\Road,FP_Cons_Mat,-1,-1,E:\ROAD ASSETS COPY\ROAD ASSETS\Road assets up to 04-01\04_01_2023_data\04_01_2023.gdb\Road,FP_Cons_Mat,-1,-1,E:\ROAD ASSETS COPY\ROAD ASSETS\Road assets up to 05-01\05_01_2023_data\05_01_2023_data.gdb\Road,FP_Cons_Mat,-1,-1,E:\ROAD ASSETS COPY\ROAD ASSETS\Road assets 6-01\06_07_08_data\06_07_08_data.gdb\Road,FP_Cons_Mat,-1,-1,E:\ROAD ASSETS COPY\ROAD ASSETS\Road assets 09-01\09_01_data\09_01_DATA.gdb\Road,FP_Cons_Mat,-1,-1,E:\ROAD ASSETS COPY\ROAD ASSETS\Road assets 10-01\10_01_data\10_01_data.gdb\Road,FP_Cons_Mat,-1,-1,E:\ROAD ASSETS COPY\ROAD ASSETS\Road assets up to 11-01\11_01_data\11_01_DATA.gdb\Road,FP_Cons_Mat,-1,-1,E:\ROAD ASSETS COPY\ROAD ASSETS\Road assets up to 12-01\12_01_data\12_01_DATA.gdb\Road,FP_Cons_Mat,-1,-1,E:\ROAD ASSETS COPY\ROAD ASSETS\Road assets 13_14_15\13_14_15_data\13_14_15_DATA.gdb\Road,FP_Cons_Mat,-1,-1,E:\ROAD ASSETS COPY\ROAD ASSETS\Road assets up 16-01\16_01_DATA\16_01_DATA.gdb\Road,FP_Cons_Mat,-1,-1;FP_Place "FP_Place" true true false 10 Text 0 0 ,First,#,E:\ROAD ASSETS COPY\ROAD ASSETS\Road assets up to 02-01\Road Assets\chirakkal_03_01_23_gdb\4c3ab691-7dd0-43e2-a230-022d184089d4.gdb\Road,FP_Place,-1,-1,E:\ROAD ASSETS COPY\ROAD ASSETS\Road assets up to 03-01\DATA_03_01_2023\03_01_data.gdb\Road,FP_Place,-1,-1,E:\ROAD ASSETS COPY\ROAD ASSETS\Road assets up to 04-01\04_01_2023_data\04_01_2023.gdb\Road,FP_Place,-1,-1,E:\ROAD ASSETS COPY\ROAD ASSETS\Road assets up to 05-01\05_01_2023_data\05_01_2023_data.gdb\Road,FP_Place,-1,-1,E:\ROAD ASSETS COPY\ROAD ASSETS\Road assets 6-01\06_07_08_data\06_07_08_data.gdb\Road,FP_Place,-1,-1,E:\ROAD ASSETS COPY\ROAD ASSETS\Road assets 09-01\09_01_data\09_01_DATA.gdb\Road,FP_Place,-1,-1,E:\ROAD ASSETS COPY\ROAD ASSETS\Road assets 10-01\10_01_data\10_01_data.gdb\Road,FP_Place,-1,-1,E:\ROAD ASSETS COPY\ROAD ASSETS\Road assets up to 11-01\11_01_data\11_01_DATA.gdb\Road,FP_Place,-1,-1,E:\ROAD ASSETS COPY\ROAD ASSETS\Road assets up to 12-01\12_01_data\12_01_DATA.gdb\Road,FP_Place,-1,-1,E:\ROAD ASSETS COPY\ROAD ASSETS\Road assets 13_14_15\13_14_15_data\13_14_15_DATA.gdb\Road,FP_Place,-1,-1,E:\ROAD ASSETS COPY\ROAD ASSETS\Road assets up 16-01\16_01_DATA\16_01_DATA.gdb\Road,FP_Place,-1,-1;Start_Point "Start_Point" true false false 150 Text 0 0 ,First,#,E:\ROAD ASSETS COPY\ROAD ASSETS\Road assets up to 02-01\Road Assets\chirakkal_03_01_23_gdb\4c3ab691-7dd0-43e2-a230-022d184089d4.gdb\Road,Start_Point,-1,-1,E:\ROAD ASSETS COPY\ROAD ASSETS\Road assets up to 03-01\DATA_03_01_2023\03_01_data.gdb\Road,Start_Point,-1,-1,E:\ROAD ASSETS COPY\ROAD ASSETS\Road assets up to 04-01\04_01_2023_data\04_01_2023.gdb\Road,Start_Point,-1,-1,E:\ROAD ASSETS COPY\ROAD ASSETS\Road assets up to 05-01\05_01_2023_data\05_01_2023_data.gdb\Road,Start_Point,-1,-1,E:\ROAD ASSETS COPY\ROAD ASSETS\Road assets 6-01\06_07_08_data\06_07_08_data.gdb\Road,Start_Point,-1,-1,E:\ROAD ASSETS COPY\ROAD ASSETS\Road assets 09-01\09_01_data\09_01_DATA.gdb\Road,Start_Point,-1,-1,E:\ROAD ASSETS COPY\ROAD ASSETS\Road assets 10-01\10_01_data\10_01_data.gdb\Road,Start_Point,-1,-1,E:\ROAD ASSETS COPY\ROAD ASSETS\Road assets up to 11-01\11_01_data\11_01_DATA.gdb\Road,Start_Point,-1,-1,E:\ROAD ASSETS COPY\ROAD ASSETS\Road assets up to 12-01\12_01_data\12_01_DATA.gdb\Road,Start_Point,-1,-1,E:\ROAD ASSETS COPY\ROAD ASSETS\Road assets 13_14_15\13_14_15_data\13_14_15_DATA.gdb\Road,Start_Point,-1,-1,E:\ROAD ASSETS COPY\ROAD ASSETS\Road assets up 16-01\16_01_DATA\16_01_DATA.gdb\Road,Start_Point,-1,-1;End_Point "End_Point" true false false 150 Text 0 0 ,First,#,E:\ROAD ASSETS COPY\ROAD ASSETS\Road assets up to 02-01\Road Assets\chirakkal_03_01_23_gdb\4c3ab691-7dd0-43e2-a230-022d184089d4.gdb\Road,End_Point,-1,-1,E:\ROAD ASSETS COPY\ROAD ASSETS\Road assets up to 03-01\DATA_03_01_2023\03_01_data.gdb\Road,End_Point,-1,-1,E:\ROAD ASSETS COPY\ROAD ASSETS\Road assets up to 04-01\04_01_2023_data\04_01_2023.gdb\Road,End_Point,-1,-1,E:\ROAD ASSETS COPY\ROAD ASSETS\Road assets up to 05-01\05_01_2023_data\05_01_2023_data.gdb\Road,End_Point,-1,-1,E:\ROAD ASSETS COPY\ROAD ASSETS\Road assets 6-01\06_07_08_data\06_07_08_data.gdb\Road,End_Point,-1,-1,E:\ROAD ASSETS COPY\ROAD ASSETS\Road assets 09-01\09_01_data\09_01_DATA.gdb\Road,End_Point,-1,-1,E:\ROAD ASSETS COPY\ROAD ASSETS\Road assets 10-01\10_01_data\10_01_data.gdb\Road,End_Point,-1,-1,E:\ROAD ASSETS COPY\ROAD ASSETS\Road assets up to 11-01\11_01_data\11_01_DATA.gdb\Road,End_Point,-1,-1,E:\ROAD ASSETS COPY\ROAD ASSETS\Road assets up to 12-01\12_01_data\12_01_DATA.gdb\Road,End_Point,-1,-1,E:\ROAD ASSETS COPY\ROAD ASSETS\Road assets 13_14_15\13_14_15_data\13_14_15_DATA.gdb\Road,End_Point,-1,-1,E:\ROAD ASSETS COPY\ROAD ASSETS\Road assets up 16-01\16_01_DATA\16_01_DATA.gdb\Road,End_Point,-1,-1;Photo "Photo" true true false 150 Text 0 0 ,First,#,E:\ROAD ASSETS COPY\ROAD ASSETS\Road assets up to 02-01\Road Assets\chirakkal_03_01_23_gdb\4c3ab691-7dd0-43e2-a230-022d184089d4.gdb\Road,Photo,-1,-1,E:\ROAD ASSETS COPY\ROAD ASSETS\Road assets up to 03-01\DATA_03_01_2023\03_01_data.gdb\Road,Photo,-1,-1,E:\ROAD ASSETS COPY\ROAD ASSETS\Road assets up to 04-01\04_01_2023_data\04_01_2023.gdb\Road,Photo,-1,-1,E:\ROAD ASSETS COPY\ROAD ASSETS\Road assets up to 05-01\05_01_2023_data\05_01_2023_data.gdb\Road,Photo,-1,-1,E:\ROAD ASSETS COPY\ROAD ASSETS\Road assets 6-01\06_07_08_data\06_07_08_data.gdb\Road,Photo,-1,-1,E:\ROAD ASSETS COPY\ROAD ASSETS\Road assets 09-01\09_01_data\09_01_DATA.gdb\Road,Photo,-1,-1,E:\ROAD ASSETS COPY\ROAD ASSETS\Road assets 10-01\10_01_data\10_01_data.gdb\Road,Photo,-1,-1,E:\ROAD ASSETS COPY\ROAD ASSETS\Road assets up to 11-01\11_01_data\11_01_DATA.gdb\Road,Photo,-1,-1,E:\ROAD ASSETS COPY\ROAD ASSETS\Road assets up to 12-01\12_01_data\12_01_DATA.gdb\Road,Photo,-1,-1,E:\ROAD ASSETS COPY\ROAD ASSETS\Road assets 13_14_15\13_14_15_data\13_14_15_DATA.gdb\Road,Photo,-1,-1,E:\ROAD ASSETS COPY\ROAD ASSETS\Road assets up 16-01\16_01_DATA\16_01_DATA.gdb\Road,Photo,-1,-1;Remarks "Remarks" true true false 150 Text 0 0 ,First,#,E:\ROAD ASSETS COPY\ROAD ASSETS\Road assets up to 02-01\Road Assets\chirakkal_03_01_23_gdb\4c3ab691-7dd0-43e2-a230-022d184089d4.gdb\Road,Remarks,-1,-1,E:\ROAD ASSETS COPY\ROAD ASSETS\Road assets up to 03-01\DATA_03_01_2023\03_01_data.gdb\Road,Remarks,-1,-1,E:\ROAD ASSETS COPY\ROAD ASSETS\Road assets up to 04-01\04_01_2023_data\04_01_2023.gdb\Road,Remarks,-1,-1,E:\ROAD ASSETS COPY\ROAD ASSETS\Road assets up to 05-01\05_01_2023_data\05_01_2023_data.gdb\Road,Remarks,-1,-1,E:\ROAD ASSETS COPY\ROAD ASSETS\Road assets 6-01\06_07_08_data\06_07_08_data.gdb\Road,Remarks,-1,-1,E:\ROAD ASSETS COPY\ROAD ASSETS\Road assets 09-01\09_01_data\09_01_DATA.gdb\Road,Remarks,-1,-1,E:\ROAD ASSETS COPY\ROAD ASSETS\Road assets 10-01\10_01_data\10_01_data.gdb\Road,Remarks,-1,-1,E:\ROAD ASSETS COPY\ROAD ASSETS\Road assets up to 11-01\11_01_data\11_01_DATA.gdb\Road,Remarks,-1,-1,E:\ROAD ASSETS COPY\ROAD ASSETS\Road assets up to 12-01\12_01_data\12_01_DATA.gdb\Road,Remarks,-1,-1,E:\ROAD ASSETS COPY\ROAD ASSETS\Road assets 13_14_15\13_14_15_data\13_14_15_DATA.gdb\Road,Remarks,-1,-1,E:\ROAD ASSETS COPY\ROAD ASSETS\Road assets up 16-01\16_01_DATA\16_01_DATA.gdb\Road,Remarks,-1,-1;Surveyor "Surveyor" true true false 50 Text 0 0 ,First,#,E:\ROAD ASSETS COPY\ROAD ASSETS\Road assets up to 02-01\Road Assets\chirakkal_03_01_23_gdb\4c3ab691-7dd0-43e2-a230-022d184089d4.gdb\Road,Surveyor,-1,-1,E:\ROAD ASSETS COPY\ROAD ASSETS\Road assets up to 03-01\DATA_03_01_2023\03_01_data.gdb\Road,Surveyor,-1,-1,E:\ROAD ASSETS COPY\ROAD ASSETS\Road assets up to 04-01\04_01_2023_data\04_01_2023.gdb\Road,Surveyor,-1,-1,E:\ROAD ASSETS COPY\ROAD ASSETS\Road assets up to 05-01\05_01_2023_data\05_01_2023_data.gdb\Road,Surveyor,-1,-1,E:\ROAD ASSETS COPY\ROAD ASSETS\Road assets 6-01\06_07_08_data\06_07_08_data.gdb\Road,Surveyor,-1,-1,E:\ROAD ASSETS COPY\ROAD ASSETS\Road assets 09-01\09_01_data\09_01_DATA.gdb\Road,Surveyor,-1,-1,E:\ROAD ASSETS COPY\ROAD ASSETS\Road assets 10-01\10_01_data\10_01_data.gdb\Road,Surveyor,-1,-1,E:\ROAD ASSETS COPY\ROAD ASSETS\Road assets up to 11-01\11_01_data\11_01_DATA.gdb\Road,Surveyor,-1,-1,E:\ROAD ASSETS COPY\ROAD ASSETS\Road assets up to 12-01\12_01_data\12_01_DATA.gdb\Road,Surveyor,-1,-1,E:\ROAD ASSETS COPY\ROAD ASSETS\Road assets 13_14_15\13_14_15_data\13_14_15_DATA.gdb\Road,Surveyor,-1,-1,E:\ROAD ASSETS COPY\ROAD ASSETS\Road assets up 16-01\16_01_DATA\16_01_DATA.gdb\Road,Surveyor,-1,-1;GlobalID "GlobalID" false false false 38 GlobalID 0 0 ,First,#,E:\ROAD ASSETS COPY\ROAD ASSETS\Road assets up to 02-01\Road Assets\chirakkal_03_01_23_gdb\4c3ab691-7dd0-43e2-a230-022d184089d4.gdb\Road,GlobalID,-1,-1,E:\ROAD ASSETS COPY\ROAD ASSETS\Road assets up to 03-01\DATA_03_01_2023\03_01_data.gdb\Road,GlobalID,-1,-1,E:\ROAD ASSETS COPY\ROAD ASSETS\Road assets up to 04-01\04_01_2023_data\04_01_2023.gdb\Road,GlobalID,-1,-1,E:\ROAD ASSETS COPY\ROAD ASSETS\Road assets up to 05-01\05_01_2023_data\05_01_2023_data.gdb\Road,GlobalID,-1,-1,E:\ROAD ASSETS COPY\ROAD ASSETS\Road assets 6-01\06_07_08_data\06_07_08_data.gdb\Road,GlobalID,-1,-1,E:\ROAD ASSETS COPY\ROAD ASSETS\Road assets 09-01\09_01_data\09_01_DATA.gdb\Road,GlobalID,-1,-1,E:\ROAD ASSETS COPY\ROAD ASSETS\Road assets 10-01\10_01_data\10_01_data.gdb\Road,GlobalID,-1,-1,E:\ROAD ASSETS COPY\ROAD ASSETS\Road assets up to 11-01\11_01_data\11_01_DATA.gdb\Road,GlobalID,-1,-1,E:\ROAD ASSETS COPY\ROAD ASSETS\Road assets up to 12-01\12_01_data\12_01_DATA.gdb\Road,GlobalID,-1,-1,E:\ROAD ASSETS COPY\ROAD ASSETS\Road assets 13_14_15\13_14_15_data\13_14_15_DATA.gdb\Road,GlobalID,-1,-1,E:\ROAD ASSETS COPY\ROAD ASSETS\Road assets up 16-01\16_01_DATA\16_01_DATA.gdb\Road,GlobalID,-1,-1;CreationDate "CreationDate" true true false 8 Date 0 0 ,First,#,E:\ROAD ASSETS COPY\ROAD ASSETS\Road assets up to 02-01\Road Assets\chirakkal_03_01_23_gdb\4c3ab691-7dd0-43e2-a230-022d184089d4.gdb\Road,CreationDate,-1,-1,E:\ROAD ASSETS COPY\ROAD ASSETS\Road assets up to 03-01\DATA_03_01_2023\03_01_data.gdb\Road,CreationDate,-1,-1,E:\ROAD ASSETS COPY\ROAD ASSETS\Road assets up to 04-01\04_01_2023_data\04_01_2023.gdb\Road,CreationDate,-1,-1,E:\ROAD ASSETS COPY\ROAD ASSETS\Road assets up to 05-01\05_01_2023_data\05_01_2023_data.gdb\Road,CreationDate,-1,-1,E:\ROAD ASSETS COPY\ROAD ASSETS\Road assets 6-01\06_07_08_data\06_07_08_data.gdb\Road,CreationDate,-1,-1,E:\ROAD ASSETS COPY\ROAD ASSETS\Road assets 09-01\09_01_data\09_01_DATA.gdb\Road,CreationDate,-1,-1,E:\ROAD ASSETS COPY\ROAD ASSETS\Road assets 10-01\10_01_data\10_01_data.gdb\Road,CreationDate,-1,-1,E:\ROAD ASSETS COPY\ROAD ASSETS\Road assets up to 11-01\11_01_data\11_01_DATA.gdb\Road,CreationDate,-1,-1,E:\ROAD ASSETS COPY\ROAD ASSETS\Road assets up to 12-01\12_01_data\12_01_DATA.gdb\Road,CreationDate,-1,-1,E:\ROAD ASSETS COPY\ROAD ASSETS\Road assets 13_14_15\13_14_15_data\13_14_15_DATA.gdb\Road,CreationDate,-1,-1,E:\ROAD ASSETS COPY\ROAD ASSETS\Road assets up 16-01\16_01_DATA\16_01_DATA.gdb\Road,CreationDate,-1,-1;Creator "Creator" true true false 128 Text 0 0 ,First,#,E:\ROAD ASSETS COPY\ROAD ASSETS\Road assets up to 02-01\Road Assets\chirakkal_03_01_23_gdb\4c3ab691-7dd0-43e2-a230-022d184089d4.gdb\Road,Creator,-1,-1,E:\ROAD ASSETS COPY\ROAD ASSETS\Road assets up to 03-01\DATA_03_01_2023\03_01_data.gdb\Road,Creator,-1,-1,E:\ROAD ASSETS COPY\ROAD ASSETS\Road assets up to 04-01\04_01_2023_data\04_01_2023.gdb\Road,Creator,-1,-1,E:\ROAD ASSETS COPY\ROAD ASSETS\Road assets up to 05-01\05_01_2023_data\05_01_2023_data.gdb\Road,Creator,-1,-1,E:\ROAD ASSETS COPY\ROAD ASSETS\Road assets 6-01\06_07_08_data\06_07_08_data.gdb\Road,Creator,-1,-1,E:\ROAD ASSETS COPY\ROAD ASSETS\Road assets 09-01\09_01_data\09_01_DATA.gdb\Road,Creator,-1,-1,E:\ROAD ASSETS COPY\ROAD ASSETS\Road assets 10-01\10_01_data\10_01_data.gdb\Road,Creator,-1,-1,E:\ROAD ASSETS COPY\ROAD ASSETS\Road assets up to 11-01\11_01_data\11_01_DATA.gdb\Road,Creator,-1,-1,E:\ROAD ASSETS COPY\ROAD ASSETS\Road assets up to 12-01\12_01_data\12_01_DATA.gdb\Road,Creator,-1,-1,E:\ROAD ASSETS COPY\ROAD ASSETS\Road assets 13_14_15\13_14_15_data\13_14_15_DATA.gdb\Road,Creator,-1,-1,E:\ROAD ASSETS COPY\ROAD ASSETS\Road assets up 16-01\16_01_DATA\16_01_DATA.gdb\Road,Creator,-1,-1;EditDate "EditDate" true true false 8 Date 0 0 ,First,#,E:\ROAD ASSETS COPY\ROAD ASSETS\Road assets up to 02-01\Road Assets\chirakkal_03_01_23_gdb\4c3ab691-7dd0-43e2-a230-022d184089d4.gdb\Road,EditDate,-1,-1,E:\ROAD ASSETS COPY\ROAD ASSETS\Road assets up to 03-01\DATA_03_01_2023\03_01_data.gdb\Road,EditDate,-1,-1,E:\ROAD ASSETS COPY\ROAD ASSETS\Road assets up to 04-01\04_01_2023_data\04_01_2023.gdb\Road,EditDate,-1,-1,E:\ROAD ASSETS COPY\ROAD ASSETS\Road assets up to 05-01\05_01_2023_data\05_01_2023_data.gdb\Road,EditDate,-1,-1,E:\ROAD ASSETS COPY\ROAD ASSETS\Road assets 6-01\06_07_08_data\06_07_08_data.gdb\Road,EditDate,-1,-1,E:\ROAD ASSETS COPY\ROAD ASSETS\Road assets 09-01\09_01_data\09_01_DATA.gdb\Road,EditDate,-1,-1,E:\ROAD ASSETS COPY\ROAD ASSETS\Road assets 10-01\10_01_data\10_01_data.gdb\Road,EditDate,-1,-1,E:\ROAD ASSETS COPY\ROAD ASSETS\Road assets up to 11-01\11_01_data\11_01_DATA.gdb\Road,EditDate,-1,-1,E:\ROAD ASSETS COPY\ROAD ASSETS\Road assets up to 12-01\12_01_data\12_01_DATA.gdb\Road,EditDate,-1,-1,E:\ROAD ASSETS COPY\ROAD ASSETS\Road assets 13_14_15\13_14_15_data\13_14_15_DATA.gdb\Road,EditDate,-1,-1,E:\ROAD ASSETS COPY\ROAD ASSETS\Road assets up 16-01\16_01_DATA\16_01_DATA.gdb\Road,EditDate,-1,-1;Editor "Editor" true true false 128 Text 0 0 ,First,#,E:\ROAD ASSETS COPY\ROAD ASSETS\Road assets up to 02-01\Road Assets\chirakkal_03_01_23_gdb\4c3ab691-7dd0-43e2-a230-022d184089d4.gdb\Road,Editor,-1,-1,E:\ROAD ASSETS COPY\ROAD ASSETS\Road assets up to 03-01\DATA_03_01_2023\03_01_data.gdb\Road,Editor,-1,-1,E:\ROAD ASSETS COPY\ROAD ASSETS\Road assets up to 04-01\04_01_2023_data\04_01_2023.gdb\Road,Editor,-1,-1,E:\ROAD ASSETS COPY\ROAD ASSETS\Road assets up to 05-01\05_01_2023_data\05_01_2023_data.gdb\Road,Editor,-1,-1,E:\ROAD ASSETS COPY\ROAD ASSETS\Road assets 6-01\06_07_08_data\06_07_08_data.gdb\Road,Editor,-1,-1,E:\ROAD ASSETS COPY\ROAD ASSETS\Road assets 09-01\09_01_data\09_01_DATA.gdb\Road,Editor,-1,-1,E:\ROAD ASSETS COPY\ROAD ASSETS\Road assets 10-01\10_01_data\10_01_data.gdb\Road,Editor,-1,-1,E:\ROAD ASSETS COPY\ROAD ASSETS\Road assets up to 11-01\11_01_data\11_01_DATA.gdb\Road,Editor,-1,-1,E:\ROAD ASSETS COPY\ROAD ASSETS\Road assets up to 12-01\12_01_data\12_01_DATA.gdb\Road,Editor,-1,-1,E:\ROAD ASSETS COPY\ROAD ASSETS\Road assets 13_14_15\13_14_15_data\13_14_15_DATA.gdb\Road,Editor,-1,-1,E:\ROAD ASSETS COPY\ROAD ASSETS\Road assets up 16-01\16_01_DATA\16_01_DATA.gdb\Road,Editor,-1,-1;SHAPE_Length "SHAPE_Length" false true true 8 Double 0 0 ,First,#,E:\ROAD ASSETS COPY\ROAD ASSETS\Road assets up to 02-01\Road Assets\chirakkal_03_01_23_gdb\4c3ab691-7dd0-43e2-a230-022d184089d4.gdb\Road,SHAPE_Length,-1,-1,E:\ROAD ASSETS COPY\ROAD ASSETS\Road assets up to 03-01\DATA_03_01_2023\03_01_data.gdb\Road,SHAPE_Length,-1,-1,E:\ROAD ASSETS COPY\ROAD ASSETS\Road assets up to 04-01\04_01_2023_data\04_01_2023.gdb\Road,SHAPE_Length,-1,-1,E:\ROAD ASSETS COPY\ROAD ASSETS\Road assets up to 05-01\05_01_2023_data\05_01_2023_data.gdb\Road,SHAPE_Length,-1,-1,E:\ROAD ASSETS COPY\ROAD ASSETS\Road assets 6-01\06_07_08_data\06_07_08_data.gdb\Road,SHAPE_Length,-1,-1,E:\ROAD ASSETS COPY\ROAD ASSETS\Road assets 09-01\09_01_data\09_01_DATA.gdb\Road,SHAPE_Length,-1,-1,E:\ROAD ASSETS COPY\ROAD ASSETS\Road assets 10-01\10_01_data\10_01_data.gdb\Road,SHAPE_Length,-1,-1,E:\ROAD ASSETS COPY\ROAD ASSETS\Road assets up to 11-01\11_01_data\11_01_DATA.gdb\Road,SHAPE_Length,-1,-1,E:\ROAD ASSETS COPY\ROAD ASSETS\Road assets up to 12-01\12_01_data\12_01_DATA.gdb\Road,SHAPE_Length,-1,-1,E:\ROAD ASSETS COPY\ROAD ASSETS\Road assets 13_14_15\13_14_15_data\13_14_15_DATA.gdb\Road,SHAPE_Length,-1,-1,E:\ROAD ASSETS COPY\ROAD ASSETS\Road assets up 16-01\16_01_DATA\16_01_DATA.gdb\Road,SHAPE_Length,-1,-1;Remarks_1 "Remarks_1" true true false 50 Text 0 0 ,First,#,E:\ROAD ASSETS COPY\ROAD ASSETS\Road assets up to 02-01\Road Assets\chirakkal_03_01_23_gdb\4c3ab691-7dd0-43e2-a230-022d184089d4.gdb\Road,Remarks_1,-1,-1,E:\ROAD ASSETS COPY\ROAD ASSETS\Road assets up to 03-01\DATA_03_01_2023\03_01_data.gdb\Road,Remarks_1,-1,-1,E:\ROAD ASSETS COPY\ROAD ASSETS\Road assets up to 04-01\04_01_2023_data\04_01_2023.gdb\Road,Remarks_1,-1,-1,E:\ROAD ASSETS COPY\ROAD ASSETS\Road assets up to 05-01\05_01_2023_data\05_01_2023_data.gdb\Road,Remarks_1,-1,-1,E:\ROAD ASSETS COPY\ROAD ASSETS\Road assets 6-01\06_07_08_data\06_07_08_data.gdb\Road,Remarks_1,-1,-1,E:\ROAD ASSETS COPY\ROAD ASSETS\Road assets 09-01\09_01_data\09_01_DATA.gdb\Road,Remarks_1,-1,-1,E:\ROAD ASSETS COPY\ROAD ASSETS\Road assets 10-01\10_01_data\10_01_data.gdb\Road,Remarks_1,-1,-1,E:\ROAD ASSETS COPY\ROAD ASSETS\Road assets up to 11-01\11_01_data\11_01_DATA.gdb\Road,Remarks_1,-1,-1,E:\ROAD ASSETS COPY\ROAD ASSETS\Road assets up to 12-01\12_01_data\12_01_DATA.gdb\Road,Remarks_1,-1,-1,E:\ROAD ASSETS COPY\ROAD ASSETS\Road assets 13_14_15\13_14_15_data\13_14_15_DATA.gdb\Road,Remarks_1,-1,-1,E:\ROAD ASSETS COPY\ROAD ASSETS\Road assets up 16-01\16_01_DATA\16_01_DATA.gdb\Road,Remarks_1,-1,-1" #</Process><Process ToolSource="c:\program files (x86)\arcgis\desktop10.6\ArcToolbox\Toolboxes\Data Management Tools.tbx\Append" Date="20230123" Time="100028">Append 'E:\CHIRAKKAL\Road assets 18-01\18_01_data\18_01_data.gdb\Road' "E:\ROAD ASSETS COPY\ROAD ASSETS\Road assets 17-01\17_01_2023_DATA\17_01_DATA.gdb\Road" NO_TEST "Rd_ID "Rd_ID" true false false 15 Text 0 0 ,First,#,E:\CHIRAKKAL\Road assets 18-01\18_01_data\18_01_data.gdb\Road,Rd_ID,-1,-1;Code "Code" true false false 10 Text 0 0 ,First,#,E:\CHIRAKKAL\Road assets 18-01\18_01_data\18_01_data.gdb\Road,Code,-1,-1;Sub_Class "Sub_Class" true false false 30 Text 0 0 ,First,#,E:\CHIRAKKAL\Road assets 18-01\18_01_data\18_01_data.gdb\Road,Sub_Class,-1,-1;Length_Km "Length_Km" true true false 8 Double 0 0 ,First,#,E:\CHIRAKKAL\Road assets 18-01\18_01_data\18_01_data.gdb\Road,Length_Km,-1,-1;Ward_No "Ward_No" true false false 2 Short 0 0 ,First,#,E:\CHIRAKKAL\Road assets 18-01\18_01_data\18_01_data.gdb\Road,Ward_No,-1,-1;Rd_Name "Rd_Name" true false false 100 Text 0 0 ,First,#,E:\CHIRAKKAL\Road assets 18-01\18_01_data\18_01_data.gdb\Road,Rd_Name,-1,-1;Cons_Mat "Cons_Mat" true false false 30 Text 0 0 ,First,#,E:\CHIRAKKAL\Road assets 18-01\18_01_data\18_01_data.gdb\Road,Cons_Mat,-1,-1;CW_Width "CW_Width" true false false 8 Double 0 0 ,First,#,E:\CHIRAKKAL\Road assets 18-01\18_01_data\18_01_data.gdb\Road,CW_Width,-1,-1;ROW_Width "ROW_Width" true false false 8 Double 0 0 ,First,#,E:\CHIRAKKAL\Road assets 18-01\18_01_data\18_01_data.gdb\Road,ROW_Width,-1,-1;Maintain "Maintain" true false false 20 Text 0 0 ,First,#,E:\CHIRAKKAL\Road assets 18-01\18_01_data\18_01_data.gdb\Road,Maintain,-1,-1;FP "FP" true true false 10 Text 0 0 ,First,#,E:\CHIRAKKAL\Road assets 18-01\18_01_data\18_01_data.gdb\Road,FP,-1,-1;FP_Width "FP_Width" true true false 8 Double 0 0 ,First,#,E:\CHIRAKKAL\Road assets 18-01\18_01_data\18_01_data.gdb\Road,FP_Width,-1,-1;FP_Cons_Mat "FP_Cons_Mat" true true false 20 Text 0 0 ,First,#,E:\CHIRAKKAL\Road assets 18-01\18_01_data\18_01_data.gdb\Road,FP_Cons_Mat,-1,-1;FP_Place "FP_Place" true true false 10 Text 0 0 ,First,#,E:\CHIRAKKAL\Road assets 18-01\18_01_data\18_01_data.gdb\Road,FP_Place,-1,-1;Start_Point "Start_Point" true false false 150 Text 0 0 ,First,#,E:\CHIRAKKAL\Road assets 18-01\18_01_data\18_01_data.gdb\Road,Start_Point,-1,-1;End_Point "End_Point" true false false 150 Text 0 0 ,First,#,E:\CHIRAKKAL\Road assets 18-01\18_01_data\18_01_data.gdb\Road,End_Point,-1,-1;Photo "Photo" true true false 150 Text 0 0 ,First,#,E:\CHIRAKKAL\Road assets 18-01\18_01_data\18_01_data.gdb\Road,Photo,-1,-1;Remarks "Remarks" true true false 150 Text 0 0 ,First,#,E:\CHIRAKKAL\Road assets 18-01\18_01_data\18_01_data.gdb\Road,Remarks,-1,-1;Surveyor "Surveyor" true true false 50 Text 0 0 ,First,#,E:\CHIRAKKAL\Road assets 18-01\18_01_data\18_01_data.gdb\Road,Surveyor,-1,-1;GlobalID "GlobalID" false false false 38 GlobalID 0 0 ,First,#,E:\CHIRAKKAL\Road assets 18-01\18_01_data\18_01_data.gdb\Road,GlobalID,-1,-1;CreationDate "CreationDate" true true false 8 Date 0 0 ,First,#,E:\CHIRAKKAL\Road assets 18-01\18_01_data\18_01_data.gdb\Road,CreationDate,-1,-1;Creator "Creator" true true false 128 Text 0 0 ,First,#,E:\CHIRAKKAL\Road assets 18-01\18_01_data\18_01_data.gdb\Road,Creator,-1,-1;EditDate "EditDate" true true false 8 Date 0 0 ,First,#,E:\CHIRAKKAL\Road assets 18-01\18_01_data\18_01_data.gdb\Road,EditDate,-1,-1;Editor "Editor" true true false 128 Text 0 0 ,First,#,E:\CHIRAKKAL\Road assets 18-01\18_01_data\18_01_data.gdb\Road,Editor,-1,-1;SHAPE_Length "SHAPE_Length" false true true 8 Double 0 0 ,First,#,E:\CHIRAKKAL\Road assets 18-01\18_01_data\18_01_data.gdb\Road,SHAPE_Length,-1,-1;Remarks_1 "Remarks_1" true true false 50 Text 0 0 ,First,#,E:\CHIRAKKAL\Road assets 18-01\18_01_data\18_01_data.gdb\Road,Remarks_1,-1,-1" #</Process><Process ToolSource="c:\program files (x86)\arcgis\desktop10.6\ArcToolbox\Toolboxes\Data Management Tools.tbx\CalculateField" Date="20230125" Time="160946">CalculateField Road Sub_Class !Sub_Class!.upper() PYTHON_9.3 #</Process><Process ToolSource="c:\program files (x86)\arcgis\desktop10.6\ArcToolbox\Toolboxes\Data Management Tools.tbx\CalculateField" Date="20230125" Time="161004">CalculateField Road Rd_Name !Rd_Name!.upper() PYTHON_9.3 #</Process><Process ToolSource="c:\program files (x86)\arcgis\desktop10.6\ArcToolbox\Toolboxes\Data Management Tools.tbx\CalculateField" Date="20230125" Time="161022">CalculateField Road Cons_Mat !Cons_Mat!.upper() PYTHON_9.3 #</Process><Process ToolSource="c:\program files (x86)\arcgis\desktop10.6\ArcToolbox\Toolboxes\Data Management Tools.tbx\CalculateField" Date="20230125" Time="161044">CalculateField Road Maintain !Maintain!.upper() PYTHON_9.3 #</Process><Process ToolSource="c:\program files (x86)\arcgis\desktop10.6\ArcToolbox\Toolboxes\Data Management Tools.tbx\CalculateField" Date="20230125" Time="161102">CalculateField Road FP_Cons_Ma !FP_Cons_Ma!.upper() PYTHON_9.3 #</Process><Process ToolSource="c:\program files (x86)\arcgis\desktop10.6\ArcToolbox\Toolboxes\Data Management Tools.tbx\CalculateField" Date="20230125" Time="161120">CalculateField Road FP_Place !FP_Place!.upper() PYTHON_9.3 #</Process><Process ToolSource="c:\program files (x86)\arcgis\desktop10.6\ArcToolbox\Toolboxes\Data Management Tools.tbx\CalculateField" Date="20230125" Time="161135">CalculateField Road Start_Poin !Start_Poin!.upper() PYTHON_9.3 #</Process><Process ToolSource="c:\program files (x86)\arcgis\desktop10.6\ArcToolbox\Toolboxes\Data Management Tools.tbx\CalculateField" Date="20230125" Time="161151">CalculateField Road End_Point !End_Point!.upper() PYTHON_9.3 #</Process><Process ToolSource="c:\program files (x86)\arcgis\desktop10.6\ArcToolbox\Toolboxes\Data Management Tools.tbx\CalculateField" Date="20230125" Time="161225">CalculateField Road Code !Code!.strip() PYTHON_9.3 #</Process><Process ToolSource="c:\program files (x86)\arcgis\desktop10.6\ArcToolbox\Toolboxes\Data Management Tools.tbx\CalculateField" Date="20230125" Time="161238">CalculateField Road Rd_ID !Rd_ID!.strip() PYTHON_9.3 #</Process><Process ToolSource="c:\program files (x86)\arcgis\desktop10.6\ArcToolbox\Toolboxes\Data Management Tools.tbx\CalculateField" Date="20230125" Time="161404">CalculateField Road UNIQUE_ID "[FID] +1" VB #</Process><Process ToolSource="c:\program files (x86)\arcgis\desktop10.6\ArcToolbox\Toolboxes\Data Management Tools.tbx\CalculateField" Date="20230125" Time="161502">CalculateField Road UNIQUE_ID ""RD_"&amp; [UNIQUE_ID]" VB #</Process><Process ToolSource="c:\program files (x86)\arcgis\desktop10.6\ArcToolbox\Toolboxes\Data Management Tools.tbx\CalculateField" Date="20230125" Time="164441">CalculateField ROAD UNIQUE_ID [FID]+1 VB #</Process><Process ToolSource="c:\program files (x86)\arcgis\desktop10.6\ArcToolbox\Toolboxes\Data Management Tools.tbx\CalculateField" Date="20230125" Time="164508">CalculateField ROAD UNIQUE_ID ""RD_"&amp; [UNIQUE_ID]" VB #</Process><Process ToolSource="c:\program files (x86)\arcgis\desktop10.6\ArcToolbox\Toolboxes\Data Management Tools.tbx\CalculateField" Date="20230206" Time="101744">CalculateField ROAD RESHAPE "ARYA" VB #</Process><Process ToolSource="c:\program files (x86)\arcgis\desktop10.6\ArcToolbox\Toolboxes\Data Management Tools.tbx\CalculateField" Date="20230208" Time="092305">CalculateField ROAD_1 CHECK "Y" VB #</Process><Process ToolSource="c:\program files (x86)\arcgis\desktop10.6\ArcToolbox\Toolboxes\Data Management Tools.tbx\CalculateField" Date="20230209" Time="085840">CalculateField ROAD_1 CHECK "yes" VB #</Process><Process ToolSource="c:\program files (x86)\arcgis\desktop10.6\ArcToolbox\Toolboxes\Data Management Tools.tbx\CalculateField" Date="20230209" Time="085857">CalculateField ROAD_1 CHECK "Y" VB #</Process><Process ToolSource="c:\program files (x86)\arcgis\desktop10.6\ArcToolbox\Toolboxes\Data Management Tools.tbx\CalculateField" Date="20230209" Time="085929">CalculateField ROAD_1 CHECK "yes" VB #</Process><Process ToolSource="c:\program files (x86)\arcgis\desktop10.6\ArcToolbox\Toolboxes\Data Management Tools.tbx\CalculateField" Date="20230210" Time="094034">CalculateField ROAD_1 CHECK "Y" VB #</Process><Process ToolSource="c:\program files (x86)\arcgis\desktop10.6\ArcToolbox\Toolboxes\Data Management Tools.tbx\CalculateField" Date="20230210" Time="094103">CalculateField ROAD_1 CHECK "Y" VB #</Process><Process ToolSource="c:\program files (x86)\arcgis\desktop10.6\ArcToolbox\Toolboxes\Data Management Tools.tbx\CalculateField" Date="20230210" Time="180048">CalculateField ROAD_1 CHECK "yes" VB #</Process><Process ToolSource="c:\program files (x86)\arcgis\desktop10.6\ArcToolbox\Toolboxes\Data Management Tools.tbx\CalculateField" Date="20230213" Time="091048">CalculateField ROAD_1 CHECK "Y" VB #</Process><Process ToolSource="c:\program files (x86)\arcgis\desktop10.6\ArcToolbox\Toolboxes\Data Management Tools.tbx\CalculateField" Date="20230213" Time="091109">CalculateField ROAD_1 CHECK "Y" VB #</Process><Process ToolSource="c:\program files (x86)\arcgis\desktop10.6\ArcToolbox\Toolboxes\Conversion Tools.tbx\FeatureClassToFeatureClass" Date="20230216" Time="161011">FeatureClassToFeatureClass ROAD_1 D:\IPMS_CHIRAKKAL\DATA\TOPOLOGY\TOPO_ROAD.gdb\TOPO Road_topology # "OBJECTID "OBJECTID" true true false 10 Long 0 10 ,First,#,ROAD_1,OBJECTID,-1,-1;Rd_ID "Rd_ID" true true false 15 Text 0 0 ,First,#,ROAD_1,Rd_ID,-1,-1;Code "Code" true true false 10 Text 0 0 ,First,#,ROAD_1,Code,-1,-1;Sub_Class "Sub_Class" true true false 30 Text 0 0 ,First,#,ROAD_1,Sub_Class,-1,-1;Length_Km "Length_Km" true true false 19 Double 0 0 ,First,#,ROAD_1,Length_Km,-1,-1;Ward_No "Ward_No" true true false 5 Long 0 5 ,First,#,ROAD_1,Ward_No,-1,-1;Rd_Name "Rd_Name" true true false 100 Text 0 0 ,First,#,ROAD_1,Rd_Name,-1,-1;Cons_Mat "Cons_Mat" true true false 30 Text 0 0 ,First,#,ROAD_1,Cons_Mat,-1,-1;CW_Width "CW_Width" true true false 19 Double 0 0 ,First,#,ROAD_1,CW_Width,-1,-1;ROW_Width "ROW_Width" true true false 19 Double 0 0 ,First,#,ROAD_1,ROW_Width,-1,-1;Maintain "Maintain" true true false 20 Text 0 0 ,First,#,ROAD_1,Maintain,-1,-1;FP "FP" true true false 10 Text 0 0 ,First,#,ROAD_1,FP,-1,-1;FP_Width "FP_Width" true true false 19 Double 0 0 ,First,#,ROAD_1,FP_Width,-1,-1;FP_Cons_Ma "FP_Cons_Ma" true true false 20 Text 0 0 ,First,#,ROAD_1,FP_Cons_Ma,-1,-1;FP_Place "FP_Place" true true false 10 Text 0 0 ,First,#,ROAD_1,FP_Place,-1,-1;Start_Poin "Start_Poin" true true false 150 Text 0 0 ,First,#,ROAD_1,Start_Poin,-1,-1;End_Point "End_Point" true true false 150 Text 0 0 ,First,#,ROAD_1,End_Point,-1,-1;Photo "Photo" true true false 150 Text 0 0 ,First,#,ROAD_1,Photo,-1,-1;Remarks "Remarks" true true false 150 Text 0 0 ,First,#,ROAD_1,Remarks,-1,-1;Surveyor "Surveyor" true true false 50 Text 0 0 ,First,#,ROAD_1,Surveyor,-1,-1;GlobalID "GlobalID" true true false 38 Text 0 0 ,First,#,ROAD_1,GlobalID,-1,-1;CreationDa "CreationDa" true true false 8 Date 0 0 ,First,#,ROAD_1,CreationDa,-1,-1;Creator "Creator" true true false 128 Text 0 0 ,First,#,ROAD_1,Creator,-1,-1;EditDate "EditDate" true true false 8 Date 0 0 ,First,#,ROAD_1,EditDate,-1,-1;Editor "Editor" true true false 128 Text 0 0 ,First,#,ROAD_1,Editor,-1,-1;SHAPE_Leng "SHAPE_Leng" true true false 19 Double 0 0 ,First,#,ROAD_1,SHAPE_Leng,-1,-1;Remarks_1 "Remarks_1" true true false 50 Text 0 0 ,First,#,ROAD_1,Remarks_1,-1,-1;UNIQUE_ID "UNIQUE_ID" true true false 50 Text 0 0 ,First,#,ROAD_1,UNIQUE_ID,-1,-1;RESHAPE "RESHAPE" true true false 50 Text 0 0 ,First,#,ROAD_1,RESHAPE,-1,-1;CHECK "CHECK" true true false 150 Text 0 0 ,First,#,ROAD_1,CHECK,-1,-1" #</Process><Process ToolSource="c:\program files (x86)\arcgis\desktop10.6\ArcToolbox\Toolboxes\Data Management Tools.tbx\CalculateField" Date="20230223" Time="101853">CalculateField FINAL_ROAD_CHIRAKKAL BUFF "[ROW_Width] /2" VB #</Process><Process ToolSource="c:\program files (x86)\arcgis\desktop10.6\ArcToolbox\Toolboxes\Data Management Tools.tbx\CalculateField" Date="20230223" Time="103159">CalculateField FINAL_ROAD_CHIRAKKAL BUFF "[ROW_Width] /2" VB #</Process><Process ToolSource="c:\program files (x86)\arcgis\desktop10.6\ArcToolbox\Toolboxes\Data Management Tools.tbx\CalculateField" Date="20230223" Time="105046">CalculateField FINAL_ROAD_CHIRAKKAL BUFF "[ROW_Width] /2" VB #</Process><Process ToolSource="c:\program files (x86)\arcgis\desktop10.6\ArcToolbox\Toolboxes\Data Management Tools.tbx\CalculateField" Date="20230227" Time="143009">CalculateField FINAL_ROAD_CHIRAKKAL Start_Poin !Start_Poin!.strip() PYTHON_9.3 #</Process><Process ToolSource="c:\program files (x86)\arcgis\desktop10.6\ArcToolbox\Toolboxes\Data Management Tools.tbx\CalculateField" Date="20230227" Time="143034">CalculateField FINAL_ROAD_CHIRAKKAL End_Point !End_Point!.strip() PYTHON_9.3 #</Process><Process ToolSource="c:\program files (x86)\arcgis\desktop10.6\ArcToolbox\Toolboxes\Data Management Tools.tbx\CalculateField" Date="20230227" Time="171018">CalculateField FINAL_ROAD_CHIRAKKAL Photo [Photo]&amp;".JPG" VB #</Process></lineage><itemProps><itemName Sync="TRUE">Road_topology</itemName><imsContentType Sync="TRUE">002</imsContentType><itemLocation><linkage Sync="TRUE">file://\\ULTS-LAP269\D$\IPMS_CHIRAKKAL\DATA\TOPOLOGY\TOPO_ROAD.gdb</linkage><protocol Sync="TRUE">Local Area Network</protocol></itemLocation><itemSize Sync="TRUE">0.000</itemSize></itemProps><coordRef><type Sync="TRUE">Projected</type><geogcsn Sync="TRUE">GCS_WGS_1984</geogcsn><csUnits Sync="TRUE">Linear Unit: Meter (1.000000)</csUnits><projcsn Sync="TRUE">WGS_1984_UTM_Zone_43N</projcsn><peXml Sync="TRUE">&lt;ProjectedCoordinateSystem xsi:type='typens:ProjectedCoordinateSystem' xmlns:xsi='http://www.w3.org/2001/XMLSchema-instance' xmlns:xs='http://www.w3.org/2001/XMLSchema' xmlns:typens='http://www.esri.com/schemas/ArcGIS/10.6'&gt;&lt;WKT&gt;PROJCS[&amp;quot;WGS_1984_UTM_Zone_43N&amp;quot;,GEOGCS[&amp;quot;GCS_WGS_1984&amp;quot;,DATUM[&amp;quot;D_WGS_1984&amp;quot;,SPHEROID[&amp;quot;WGS_1984&amp;quot;,6378137.0,298.257223563]],PRIMEM[&amp;quot;Greenwich&amp;quot;,0.0],UNIT[&amp;quot;Degree&amp;quot;,0.0174532925199433]],PROJECTION[&amp;quot;Transverse_Mercator&amp;quot;],PARAMETER[&amp;quot;False_Easting&amp;quot;,500000.0],PARAMETER[&amp;quot;False_Northing&amp;quot;,0.0],PARAMETER[&amp;quot;Central_Meridian&amp;quot;,75.0],PARAMETER[&amp;quot;Scale_Factor&amp;quot;,0.9996],PARAMETER[&amp;quot;Latitude_Of_Origin&amp;quot;,0.0],UNIT[&amp;quot;Meter&amp;quot;,1.0],AUTHORITY[&amp;quot;EPSG&amp;quot;,32643]]&lt;/WKT&gt;&lt;XOrigin&gt;-5120900&lt;/XOrigin&gt;&lt;YOrigin&gt;-9998100&lt;/YOrigin&gt;&lt;XYScale&gt;10000&lt;/XYScale&gt;&lt;ZOrigin&gt;-100000&lt;/ZOrigin&gt;&lt;ZScale&gt;10000&lt;/ZScale&gt;&lt;MOrigin&gt;-100000&lt;/MOrigin&gt;&lt;MScale&gt;10000&lt;/MScale&gt;&lt;XYTolerance&gt;0.001&lt;/XYTolerance&gt;&lt;ZTolerance&gt;0.001&lt;/ZTolerance&gt;&lt;MTolerance&gt;0.001&lt;/MTolerance&gt;&lt;HighPrecision&gt;true&lt;/HighPrecision&gt;&lt;WKID&gt;32643&lt;/WKID&gt;&lt;LatestWKID&gt;32643&lt;/LatestWKID&gt;&lt;/ProjectedCoordinateSystem&gt;</peXml></coordRef></DataProperties><SyncDate>20230216</SyncDate><SyncTime>16101100</SyncTime><ModDate>20230216</ModDate><ModTime>16101100</ModTime></Esri><dataIdInfo><envirDesc Sync="TRUE"> Version 6.2 (Build 9200) ; Esri ArcGIS 10.6.1.9270</envirDesc><dataLang><languageCode value="eng" Sync="TRUE"></languageCode><countryCode value="IND" Sync="TRUE"></countryCode></dataLang><idCitation><resTitle Sync="TRUE">Road_topology</resTitle><presForm><PresFormCd value="005" Sync="TRUE"></PresFormCd></presForm></idCitation><spatRpType><SpatRepTypCd value="001" Sync="TRUE"></SpatRepTypCd></spatRpType></dataIdInfo><mdLang><languageCode value="eng" Sync="TRUE"></languageCode><countryCode value="IND" Sync="TRUE"></countryCode></mdLang><distInfo><distFormat><formatName Sync="TRUE">File Geodatabase Feature Class</formatName></distFormat><distTranOps><transSize Sync="TRUE">0.000</transSize></distTranOps></distInfo><mdHrLv><ScopeCd value="005" Sync="TRUE"></ScopeCd></mdHrLv><mdHrLvName Sync="TRUE">dataset</mdHrLvName><refSysInfo><RefSystem><refSysID><identCode code="32643" Sync="TRUE"></identCode><idCodeSpace Sync="TRUE">EPSG</idCodeSpace><idVersion Sync="TRUE">2.1(3.0.1)</idVersion></refSysID></RefSystem></refSysInfo><spatRepInfo><VectSpatRep><geometObjs Name="Road_topology"><geoObjTyp><GeoObjTypCd value="002" Sync="TRUE"></GeoObjTypCd></geoObjTyp><geoObjCnt Sync="TRUE">0</geoObjCnt></geometObjs><topLvl><TopoLevCd value="001" Sync="TRUE"></TopoLevCd></topLvl></VectSpatRep></spatRepInfo><spdoinfo><ptvctinf><esriterm Name="Road_topology"><efeatyp Sync="TRUE">Simple</efeatyp><efeageom code="3" Sync="TRUE"></efeageom><esritopo Sync="TRUE">FALSE</esritopo><efeacnt Sync="TRUE">0</efeacnt><spindex Sync="TRUE">TRUE</spindex><linrefer Sync="TRUE">TRUE</linrefer></esriterm></ptvctinf></spdoinfo><eainfo><detailed Name="Road_topology"><enttyp><enttypl Sync="TRUE">Road_topology</enttypl><enttypt Sync="TRUE">Feature Class</enttypt><enttypc Sync="TRUE">0</enttypc></enttyp><attr><attrlabl Sync="TRUE">OBJECTID_1</attrlabl><attalias Sync="TRUE">OBJECTID_1</attalias><attrtype Sync="TRUE">OID</attrtype><attwidth Sync="TRUE">4</attwidth><atprecis Sync="TRUE">0</atprecis><attscale Sync="TRUE">0</attscale><attrdef Sync="TRUE">Internal feature number.</attrdef><attrdefs Sync="TRUE">Esri</attrdefs><attrdomv><udom Sync="TRUE">Sequential unique whole numbers that are automatically generated.</udom></attrdomv></attr><attr><attrlabl Sync="TRUE">OBJECTID</attrlabl><attalias Sync="TRUE">OBJECTID</attalias><attrtype Sync="TRUE">Integer</attrtype><attwidth Sync="TRUE">4</attwidth><atprecis Sync="TRUE">0</atprecis><attscale Sync="TRUE">0</attscale><attrdef Sync="TRUE">Internal feature number.</attrdef><attrdefs Sync="TRUE">Esri</attrdefs><attrdomv><udom Sync="TRUE">Sequential unique whole numbers that are automatically generated.</udom></attrdomv></attr><attr><attrlabl Sync="TRUE">SHAPE</attrlabl><attalias Sync="TRUE">Shape</attalias><attrtype Sync="TRUE">Geometry</attrtype><attwidth Sync="TRUE">0</attwidth><atprecis Sync="TRUE">0</atprecis><attscale Sync="TRUE">0</attscale><attrdef Sync="TRUE">Feature geometry.</attrdef><attrdefs Sync="TRUE">Esri</attrdefs><attrdomv><udom Sync="TRUE">Coordinates defining the features.</udom></attrdomv></attr><attr><attrlabl Sync="TRUE">Rd_ID</attrlabl><attalias Sync="TRUE">Rd_ID</attalias><attrtype Sync="TRUE">String</attrtype><attwidth Sync="TRUE">15</attwidth><atprecis Sync="TRUE">0</atprecis><attscale Sync="TRUE">0</attscale></attr><attr><attrlabl Sync="TRUE">Code</attrlabl><attalias Sync="TRUE">Code</attalias><attrtype Sync="TRUE">String</attrtype><attwidth Sync="TRUE">10</attwidth><atprecis Sync="TRUE">0</atprecis><attscale Sync="TRUE">0</attscale></attr><attr><attrlabl Sync="TRUE">Sub_Class</attrlabl><attalias Sync="TRUE">Sub_Class</attalias><attrtype Sync="TRUE">String</attrtype><attwidth Sync="TRUE">30</attwidth><atprecis Sync="TRUE">0</atprecis><attscale Sync="TRUE">0</attscale></attr><attr><attrlabl Sync="TRUE">Length_Km</attrlabl><attalias Sync="TRUE">Length_Km</attalias><attrtype Sync="TRUE">Double</attrtype><attwidth Sync="TRUE">8</attwidth><atprecis Sync="TRUE">0</atprecis><attscale Sync="TRUE">0</attscale></attr><attr><attrlabl Sync="TRUE">Ward_No</attrlabl><attalias Sync="TRUE">Ward_No</attalias><attrtype Sync="TRUE">Integer</attrtype><attwidth Sync="TRUE">4</attwidth><atprecis Sync="TRUE">0</atprecis><attscale Sync="TRUE">0</attscale></attr><attr><attrlabl Sync="TRUE">Rd_Name</attrlabl><attalias Sync="TRUE">Rd_Name</attalias><attrtype Sync="TRUE">String</attrtype><attwidth Sync="TRUE">100</attwidth><atprecis Sync="TRUE">0</atprecis><attscale Sync="TRUE">0</attscale></attr><attr><attrlabl Sync="TRUE">Cons_Mat</attrlabl><attalias Sync="TRUE">Cons_Mat</attalias><attrtype Sync="TRUE">String</attrtype><attwidth Sync="TRUE">30</attwidth><atprecis Sync="TRUE">0</atprecis><attscale Sync="TRUE">0</attscale></attr><attr><attrlabl Sync="TRUE">CW_Width</attrlabl><attalias Sync="TRUE">CW_Width</attalias><attrtype Sync="TRUE">Double</attrtype><attwidth Sync="TRUE">8</attwidth><atprecis Sync="TRUE">0</atprecis><attscale Sync="TRUE">0</attscale></attr><attr><attrlabl Sync="TRUE">ROW_Width</attrlabl><attalias Sync="TRUE">ROW_Width</attalias><attrtype Sync="TRUE">Double</attrtype><attwidth Sync="TRUE">8</attwidth><atprecis Sync="TRUE">0</atprecis><attscale Sync="TRUE">0</attscale></attr><attr><attrlabl Sync="TRUE">Maintain</attrlabl><attalias Sync="TRUE">Maintain</attalias><attrtype Sync="TRUE">String</attrtype><attwidth Sync="TRUE">20</attwidth><atprecis Sync="TRUE">0</atprecis><attscale Sync="TRUE">0</attscale></attr><attr><attrlabl Sync="TRUE">FP</attrlabl><attalias Sync="TRUE">FP</attalias><attrtype Sync="TRUE">String</attrtype><attwidth Sync="TRUE">10</attwidth><atprecis Sync="TRUE">0</atprecis><attscale Sync="TRUE">0</attscale></attr><attr><attrlabl Sync="TRUE">FP_Width</attrlabl><attalias Sync="TRUE">FP_Width</attalias><attrtype Sync="TRUE">Double</attrtype><attwidth Sync="TRUE">8</attwidth><atprecis Sync="TRUE">0</atprecis><attscale Sync="TRUE">0</attscale></attr><attr><attrlabl Sync="TRUE">FP_Cons_Ma</attrlabl><attalias Sync="TRUE">FP_Cons_Ma</attalias><attrtype Sync="TRUE">String</attrtype><attwidth Sync="TRUE">20</attwidth><atprecis Sync="TRUE">0</atprecis><attscale Sync="TRUE">0</attscale></attr><attr><attrlabl Sync="TRUE">FP_Place</attrlabl><attalias Sync="TRUE">FP_Place</attalias><attrtype Sync="TRUE">String</attrtype><attwidth Sync="TRUE">10</attwidth><atprecis Sync="TRUE">0</atprecis><attscale Sync="TRUE">0</attscale></attr><attr><attrlabl Sync="TRUE">Start_Poin</attrlabl><attalias Sync="TRUE">Start_Poin</attalias><attrtype Sync="TRUE">String</attrtype><attwidth Sync="TRUE">150</attwidth><atprecis Sync="TRUE">0</atprecis><attscale Sync="TRUE">0</attscale></attr><attr><attrlabl Sync="TRUE">End_Point</attrlabl><attalias Sync="TRUE">End_Point</attalias><attrtype Sync="TRUE">String</attrtype><attwidth Sync="TRUE">150</attwidth><atprecis Sync="TRUE">0</atprecis><attscale Sync="TRUE">0</attscale></attr><attr><attrlabl Sync="TRUE">Photo</attrlabl><attalias Sync="TRUE">Photo</attalias><attrtype Sync="TRUE">String</attrtype><attwidth Sync="TRUE">150</attwidth><atprecis Sync="TRUE">0</atprecis><attscale Sync="TRUE">0</attscale></attr><attr><attrlabl Sync="TRUE">Remarks</attrlabl><attalias Sync="TRUE">Remarks</attalias><attrtype Sync="TRUE">String</attrtype><attwidth Sync="TRUE">150</attwidth><atprecis Sync="TRUE">0</atprecis><attscale Sync="TRUE">0</attscale></attr><attr><attrlabl Sync="TRUE">Surveyor</attrlabl><attalias Sync="TRUE">Surveyor</attalias><attrtype Sync="TRUE">String</attrtype><attwidth Sync="TRUE">50</attwidth><atprecis Sync="TRUE">0</atprecis><attscale Sync="TRUE">0</attscale></attr><attr><attrlabl Sync="TRUE">GlobalID</attrlabl><attalias Sync="TRUE">GlobalID</attalias><attrtype Sync="TRUE">String</attrtype><attwidth Sync="TRUE">38</attwidth><atprecis Sync="TRUE">0</atprecis><attscale Sync="TRUE">0</attscale></attr><attr><attrlabl Sync="TRUE">CreationDa</attrlabl><attalias Sync="TRUE">CreationDa</attalias><attrtype Sync="TRUE">Date</attrtype><attwidth Sync="TRUE">8</attwidth><atprecis Sync="TRUE">0</atprecis><attscale Sync="TRUE">0</attscale></attr><attr><attrlabl Sync="TRUE">Creator</attrlabl><attalias Sync="TRUE">Creator</attalias><attrtype Sync="TRUE">String</attrtype><attwidth Sync="TRUE">128</attwidth><atprecis Sync="TRUE">0</atprecis><attscale Sync="TRUE">0</attscale></attr><attr><attrlabl Sync="TRUE">EditDate</attrlabl><attalias Sync="TRUE">EditDate</attalias><attrtype Sync="TRUE">Date</attrtype><attwidth Sync="TRUE">8</attwidth><atprecis Sync="TRUE">0</atprecis><attscale Sync="TRUE">0</attscale></attr><attr><attrlabl Sync="TRUE">Editor</attrlabl><attalias Sync="TRUE">Editor</attalias><attrtype Sync="TRUE">String</attrtype><attwidth Sync="TRUE">128</attwidth><atprecis Sync="TRUE">0</atprecis><attscale Sync="TRUE">0</attscale></attr><attr><attrlabl Sync="TRUE">SHAPE_Leng</attrlabl><attalias Sync="TRUE">SHAPE_Leng</attalias><attrtype Sync="TRUE">Double</attrtype><attwidth Sync="TRUE">8</attwidth><atprecis Sync="TRUE">0</atprecis><attscale Sync="TRUE">0</attscale></attr><attr><attrlabl Sync="TRUE">Remarks_1</attrlabl><attalias Sync="TRUE">Remarks_1</attalias><attrtype Sync="TRUE">String</attrtype><attwidth Sync="TRUE">50</attwidth><atprecis Sync="TRUE">0</atprecis><attscale Sync="TRUE">0</attscale></attr><attr><attrlabl Sync="TRUE">UNIQUE_ID</attrlabl><attalias Sync="TRUE">UNIQUE_ID</attalias><attrtype Sync="TRUE">String</attrtype><attwidth Sync="TRUE">50</attwidth><atprecis Sync="TRUE">0</atprecis><attscale Sync="TRUE">0</attscale></attr><attr><attrlabl Sync="TRUE">RESHAPE</attrlabl><attalias Sync="TRUE">RESHAPE</attalias><attrtype Sync="TRUE">String</attrtype><attwidth Sync="TRUE">50</attwidth><atprecis Sync="TRUE">0</atprecis><attscale Sync="TRUE">0</attscale></attr><attr><attrlabl Sync="TRUE">CHECK</attrlabl><attalias Sync="TRUE">CHECK</attalias><attrtype Sync="TRUE">String</attrtype><attwidth Sync="TRUE">150</attwidth><atprecis Sync="TRUE">0</atprecis><attscale Sync="TRUE">0</attscale></attr><attr><attrlabl Sync="TRUE">Shape_Length</attrlabl><attalias Sync="TRUE">Shape_Length</attalias><attrtype Sync="TRUE">Double</attrtype><attwidth Sync="TRUE">8</attwidth><atprecis Sync="TRUE">0</atprecis><attscale Sync="TRUE">0</attscale><attrdef Sync="TRUE">Length of feature in internal units.</attrdef><attrdefs Sync="TRUE">Esri</attrdefs><attrdomv><udom Sync="TRUE">Positive real numbers that are automatically generated.</udom></attrdomv></attr></detailed></eainfo><mdDateSt Sync="TRUE">20230216</mdDateSt><mdChar><CharSetCd value="004" Sync="TRUE"></CharSetCd></mdChar></metadata>
