<?xml version="1.0" encoding="UTF-8"?>
<metadata xml:lang="en"><Esri><CreaDate>20230307</CreaDate><CreaTime>12255800</CreaTime><ArcGISFormat>1.0</ArcGISFormat><SyncOnce>TRUE</SyncOnce><DataProperties><lineage><Process ToolSource="c:\program files (x86)\arcgis\desktop10.6\ArcToolbox\Toolboxes\Data Management Tools.tbx\CalculateField" Date="20230307" Time="122558">CalculateField DRAINAGE_L PHOTO [PHOTO]&amp;".JPG" VB #</Process><Process ToolSource="c:\program files (x86)\arcgis\desktop10.6\ArcToolbox\Toolboxes\Data Management Tools.tbx\CalculateField" Date="20230307" Time="122653">CalculateField DRAINAGE_L RD_NAME !RD_NAME!.upper() PYTHON_9.3 #</Process><Process ToolSource="c:\program files (x86)\arcgis\desktop10.6\ArcToolbox\Toolboxes\Data Management Tools.tbx\CalculateField" Date="20230307" Time="122702">CalculateField DRAINAGE_L CONSTRN_MA !CONSTRN_MA!.upper() PYTHON_9.3 #</Process><Process ToolSource="c:\program files (x86)\arcgis\desktop10.6\ArcToolbox\Toolboxes\Data Management Tools.tbx\CalculateField" Date="20230307" Time="122711">CalculateField DRAINAGE_L CATEGORY !CATEGORY!.upper() PYTHON_9.3 #</Process></lineage></DataProperties></Esri></metadata>
